-- phpMyAdmin SQL Dump
-- version 4.0.10.7
-- http://www.phpmyadmin.net
--
-- Host: localhost
-- Generation Time: Mar 13, 2015 at 03:58 AM
-- Server version: 5.6.23
-- PHP Version: 5.4.23

SET SQL_MODE = "NO_AUTO_VALUE_ON_ZERO";
SET time_zone = "+00:00";

--
-- Database: `linkup_db`
--

-- --------------------------------------------------------

--
-- Table structure for table `cat`
--

CREATE TABLE IF NOT EXISTS `cat` (
  `cat_id` int(11) NOT NULL AUTO_INCREMENT,
  `cat_name` char(50) DEFAULT NULL,
  `cat_status` int(11) NOT NULL DEFAULT '1',
  PRIMARY KEY (`cat_id`)
) ENGINE=InnoDB  DEFAULT CHARSET=latin1 AUTO_INCREMENT=7 ;

--
-- Dumping data for table `cat`
--

INSERT INTO `cat` (`cat_id`, `cat_name`, `cat_status`) VALUES
(1, 'Mens Knitted', 1),
(2, 'Womens Knitted', 1),
(3, 'Mens Leather Apparels', 1),
(4, 'Mens Woven Apparels', 1),
(5, 'Home Furnishing', 1),
(6, 'Accessories', 1);

-- --------------------------------------------------------

--
-- Table structure for table `contents`
--

CREATE TABLE IF NOT EXISTS `contents` (
  `con_id` int(11) NOT NULL AUTO_INCREMENT,
  `con_cat_id` int(11) NOT NULL,
  `con_text` longtext,
  PRIMARY KEY (`con_id`)
) ENGINE=InnoDB  DEFAULT CHARSET=latin1 AUTO_INCREMENT=6 ;

--
-- Dumping data for table `contents`
--

INSERT INTO `contents` (`con_id`, `con_cat_id`, `con_text`) VALUES
(1, 1, '<p>In order to cater to the variegated demands of our clients, we have established a state-of-the-art infrastructure which is well equipped with advanced machines and technologies. With the assistance of this unit, our diligent team members are able to fabricate our products in bulk quantities at shortest turnaround time. Our team of warehouse personnel maintains a systematic record of each inflow and outflow of our product range in a record maintenance system. These</p>\r\n'),
(2, 2, '<div class="refsect1 notes" id="refsect1-function.strip-tags-notes">\r\n<h3>Notes<a class="genanchor" href="http://php.net/manual/en/function.strip-tags.php#refsect1-function.strip-tags-notes"> &para;</a></h3>\r\n\r\n<div class="warning"><strong>Warning</strong>\r\n\r\n<p>Because <strong>strip_tags()</strong> does not actually validate the HTML, partial or broken tags can result in the removal of more text/data than expected.</p>\r\n</div>\r\n\r\n<div class="warning"><strong>Warning</strong>\r\n\r\n<p>This function does not modify any attributes on the tags that you allow using <code>allowable_tags</code>, including the <em>style</em> and <em>onmouseover</em> attributes that a mischievous user may abuse when posting text that will be shown to other users.</p>\r\n</div>\r\n\r\n<blockquote>\r\n<p><strong>Note</strong>:</p>\r\n\r\n<p>Tag names within the input HTML that are greater than 1023 bytes in length will be treated as though they are invalid, regardless of the <code>allowable_tags</code> parameter.</p>\r\n</blockquote>\r\n</div>\r\n\r\n<h3>&nbsp;</h3>\r\n'),
(3, 3, NULL),
(4, 4, NULL),
(5, 5, NULL);

-- --------------------------------------------------------

--
-- Table structure for table `pages`
--

CREATE TABLE IF NOT EXISTS `pages` (
  `page_id` int(11) NOT NULL AUTO_INCREMENT,
  `page_name` char(50) DEFAULT NULL,
  `page_content` longtext,
  PRIMARY KEY (`page_id`)
) ENGINE=InnoDB  DEFAULT CHARSET=latin1 AUTO_INCREMENT=3 ;

--
-- Dumping data for table `pages`
--

INSERT INTO `pages` (`page_id`, `page_name`, `page_content`) VALUES
(1, 'About US', '<p style="text-align: center;"><span style="font-family:comic sans ms,cursive"><strong>ABOUT US</strong></span></p>\r\n\r\n<p>&nbsp;</p>\r\n\r\n<p><u><strong>OBJECTIVE </strong></u></p>\r\n\r\n<p>&nbsp;</p>\r\n\r\n<p style="margin-left:72.0pt"><span style="font-family:comic sans ms,cursive">We are a group of manufacturers serving as a platform, to deliver the Apparels Buyer top quality products that match to their specifications and prices whereby, preeminent value for money is realized.</span></p>\r\n\r\n<p>&nbsp;</p>\r\n\r\n<p>&nbsp;</p>\r\n\r\n<p><u><strong>OUR SERVICES</strong></u></p>\r\n\r\n<p>&nbsp;</p>\r\n\r\n<p style="margin-left:72.0pt"><span style="font-family:comic sans ms,cursive">We deal in all type of Knitted Apparels, Woven Apparels, Home Furnishings, Finished Leather, Leather Apparels and Accessories. We make sure that our manufacturing units comply with International Work Standards and the rights of the work force are respected. We shall ensure that Buyers compliance requirements are met and stick to our delivery schedule and continue in our endeavor to deliver in time.</span></p>\r\n\r\n<p>&nbsp;</p>\r\n\r\n<p style="margin-left:72.0pt"><span style="font-family:comic sans ms,cursive">We ensure that our experienced and qualified merchandisers and Quality Control Personnel shall maintain pre-production and production Quality Control checks whereby the necessary standards of the Buyer is met.&nbsp;&nbsp;</span></p>\r\n\r\n<p>&nbsp;</p>\r\n\r\n<p>&nbsp;</p>\r\n\r\n<p><u><strong>OUR MISSION</strong></u></p>\r\n\r\n<p>&nbsp;</p>\r\n\r\n<p style="margin-left:72.0pt"><span style="font-family:comic sans ms,cursive">It&rsquo;s our zeal to deliver in time the best quality of Apparels using finest manufacturing process in compliance to necessary standards and ensuring paramount values being realized by our buyers, stakeholders and communities that we serve.</span></p>\r\n\r\n<p>&nbsp;</p>\r\n\r\n<p>&nbsp;</p>\r\n\r\n<p><strong><u>OUR VISION</u>&nbsp;&nbsp;&nbsp;&nbsp;&nbsp;&nbsp;&nbsp;&nbsp;&nbsp;&nbsp; </strong></p>\r\n\r\n<p>&nbsp;</p>\r\n\r\n<p style="margin-left:72.0pt"><span style="font-family:comic sans ms,cursive">Is to become a global leader in providing finest quality Apparels wherein best value for money is realized by our buyers, stakeholders and communities that we serve. We shall conduct our business with integrity and highest ethical standards. We shall continuously strive for excellence and inclusivity building a better future for all stakeholders.</span></p>\r\n'),
(2, 'Footer Content', '<div class="row">\r\n<div class="col-md-5">\r\n<div class="col">\r\n<h4><span style="color:#FF0000"><span style="font-family:comic sans ms,cursive">Contact us</span></span></h4>\r\n<u><strong>Registered Office</strong></u>\r\n\r\n<p><strong># 15, Jai Nagar, </strong></p>\r\n\r\n<p><strong>First Street,</strong></p>\r\n\r\n<p><strong>Rakkiyapalayam Pirivu,</strong></p>\r\n\r\n<p><strong>Kangayam Road,</strong></p>\r\n\r\n<p><strong>Tirupur &ndash; 641606</strong></p>\r\n\r\n<ul>\r\n	<li>Phone: <strong>+91 97862 54445</strong> / <strong>+91 90959 23000</strong></li>\r\n	<li>Email: <a href="mailto:info@linkup4apparels.com"><strong>info@linkup4apparels.com</strong></a></li>\r\n</ul>\r\n</div>\r\n</div>\r\n<!--\r\n<div class="col-md-3">\r\n<div class="row">\r\n<div class="col col-social-icons">\r\n<h4>Follow us</h4>\r\n</div>\r\n</div>\r\n\r\n<div class="row"><img alt="SSL site seal - click to verify" src="https://seal.godaddy.com/images/3/en/siteseal_gd_3_h_l_m.gif" style="cursor:hand" /></div>\r\n</div>\r\n-->\r\n\r\n<div class="col-md-4">\r\n<div class="col">\r\n<h4>About us</h4>\r\n\r\n<p>Linkup 4 Apparels</p>\r\n\r\n<h5><em><strong>Forging Success</strong></em></h5>\r\n<br />\r\n<br />\r\n<a class="btn btn-two" href="contact-us.php">Enquiry !</a>\r\n\r\n<p style="text-align:center">&nbsp;</p>\r\n\r\n<p style="text-align:center"><a href="http://www.skitech.co.in">www.skitech.co.in</a></p>\r\n</div>\r\n</div>\r\n</div>\r\n');

-- --------------------------------------------------------

--
-- Table structure for table `precat`
--

CREATE TABLE IF NOT EXISTS `precat` (
  `precat_id` int(11) NOT NULL AUTO_INCREMENT,
  `pre_subcat_id` int(5) NOT NULL,
  `pre_catname` char(50) DEFAULT NULL,
  `pre_catstatus` int(11) NOT NULL DEFAULT '1',
  PRIMARY KEY (`precat_id`),
  KEY `precat_id` (`precat_id`)
) ENGINE=InnoDB  DEFAULT CHARSET=latin1 AUTO_INCREMENT=203 ;

--
-- Dumping data for table `precat`
--

INSERT INTO `precat` (`precat_id`, `pre_subcat_id`, `pre_catname`, `pre_catstatus`) VALUES
(1, 8, 'Cotton Jackets', 1),
(2, 8, 'Cotton Sweatshirts', 1),
(3, 8, 'Hooded Sweatshirts', 1),
(4, 8, 'Sweaters', 1),
(5, 8, 'Winter Jackets', 1),
(6, 8, 'Winter Wear', 1),
(7, 7, 'Casual', 1),
(8, 7, 'Corporate', 1),
(9, 7, 'Cotton', 1),
(10, 7, 'Crew Neck', 1),
(11, 7, 'Deep V Neck', 1),
(12, 7, 'Designer', 1),
(13, 7, 'Embroidered', 1),
(14, 7, 'Fancy', 1),
(15, 7, 'Fashion', 1),
(16, 7, 'Full Sleeve', 1),
(17, 7, 'Half Sleeve', 1),
(18, 7, 'Henley', 1),
(19, 7, 'Muscle Sleeve', 1),
(20, 7, 'Printed', 1),
(21, 7, 'Promotional', 1),
(22, 7, 'Raglan Sleeve', 1),
(23, 7, 'Round Neck', 1),
(24, 7, 'Scoop Neck', 1),
(25, 7, 'Short Sleeve', 1),
(26, 7, 'Sleeveless', 1),
(27, 7, 'Square Neck', 1),
(28, 7, 'Striped', 1),
(29, 7, 'Tank Tops', 1),
(30, 7, 'V-Neck', 1),
(31, 7, 'Yarn Dyed', 1),
(32, 15, 'Camisole Tops', 1),
(33, 15, 'Frocks', 1),
(34, 15, 'Gown', 1),
(35, 15, 'Halter Neck', 1),
(36, 15, 'Skirts', 1),
(37, 15, 'Sleepwear', 1),
(38, 15, 'Tops', 1),
(39, 15, 'Two Piece', 1),
(40, 6, 'Golf T-Shirts', 1),
(41, 6, 'Jogging Suits', 1),
(42, 6, 'Sports Jacket', 1),
(43, 6, 'Sports Shorts', 1),
(44, 6, 'Sports T-Shirts', 1),
(45, 6, 'Sports Uniform', 1),
(46, 11, 'Sports Wear', 1),
(47, 5, 'Night Suits', 1),
(48, 5, 'Nightwear Apparel', 1),
(49, 5, 'Pajamas', 1),
(50, 5, 'Sleepwear Suits', 1),
(51, 4, 'Cotton', 1),
(52, 4, 'Full Sleeve', 1),
(53, 4, 'Half Sleeve', 1),
(54, 4, 'Knitted', 1),
(55, 4, 'Polo Shirts', 1),
(56, 3, 'Bermudas', 1),
(57, 3, 'Boxer Briefs', 1),
(58, 3, 'Boxer Shorts', 1),
(59, 3, 'Pullovers', 1),
(60, 3, 'Shorts', 1),
(61, 3, 'Undergarments', 1),
(62, 2, 'Fancy T-Shirts', 1),
(63, 2, 'Fashion T-Shirts', 1),
(64, 2, 'Full Sleeve Polo T-Shirts', 1),
(65, 2, 'Half Sleeve Polo T-Shirts', 1),
(66, 2, 'Henley neck T-Shirts', 1),
(67, 2, 'Hooded Full Sleeve T-Shirts', 1),
(68, 2, 'Hooded Half sleeve T-Shirts', 1),
(69, 2, 'Hooded Sleeveless T-Shirts', 1),
(70, 2, 'Jackets', 1),
(71, 2, 'Nightwears', 1),
(72, 2, 'Pajamas', 1),
(73, 2, 'Printed T-Shirts', 1),
(74, 2, 'Round Neck T-Shirts', 1),
(75, 2, 'Short Sleeve T-Shirts', 1),
(76, 2, 'Shorts', 1),
(77, 2, 'Sleeveless T-Shirts', 1),
(78, 2, 'Sportswear', 1),
(79, 2, 'Sweatshirts', 1),
(80, 2, 'Tank Tops', 1),
(81, 2, 'V Neck T-Shirts', 1),
(82, 1, 'Nightwear', 1),
(83, 1, 'Rompers', 1),
(84, 1, 'Tank Tops', 1),
(85, 1, 'Tops', 1),
(86, 1, 'Two Piece', 1),
(87, 9, 'Cotton Jackets', 1),
(88, 9, 'Hooded Sweatshirts', 1),
(89, 9, 'Sleeveless Hooded Sweatshirts', 1),
(90, 9, 'Sweaters', 1),
(91, 9, 'Winter Jackets', 1),
(92, 9, 'Winter Wear', 1),
(93, 10, '3by4 Sleeve Tops', 1),
(94, 10, 'Camisoles', 1),
(95, 10, 'Cap Sleeve Tops', 1),
(96, 10, 'Casual Tops', 1),
(97, 10, 'Crew Neck Tops', 1),
(98, 10, 'Deep V Neck Tops', 1),
(99, 10, 'Designer Tops', 1),
(100, 10, 'Embroidered Tops', 1),
(101, 10, 'Fancy Tops', 1),
(102, 10, 'Fashion Tops', 1),
(103, 10, 'Full Sleeve Tops', 1),
(104, 10, 'Gowns', 1),
(105, 10, 'Half Sleeve Tops', 1),
(106, 10, 'Henley Tops', 1),
(107, 10, 'Knitted T-Shirts', 1),
(108, 10, 'Polo Full Sleeve', 1),
(109, 10, 'Polo Half Sleeves', 1),
(110, 10, 'Printed Tops', 1),
(111, 10, 'Raglan Sleeve', 1),
(112, 10, 'Round Neck Tops', 1),
(113, 10, 'Scoop Neck Tops', 1),
(114, 10, 'Short Sleeve Tops', 1),
(115, 10, 'Short Tops', 1),
(116, 10, 'Sleeveless Tops', 1),
(117, 10, 'Square Neck Tops', 1),
(118, 10, 'Striped Tops', 1),
(119, 10, 'Tank Tops', 1),
(120, 10, 'V Neck Tops', 1),
(121, 22, 'Bed Sheets', 1),
(122, 22, 'Bed Spreads', 1),
(123, 22, 'Curtains', 1),
(124, 22, 'Cushion Covers', 1),
(125, 22, 'Hammocks', 1),
(126, 22, 'Pillow Covers', 1),
(127, 23, 'Bath Robes', 1),
(128, 23, 'Crochets', 1),
(129, 23, 'Jute Items', 1),
(130, 23, 'Printed Items', 1),
(131, 23, 'Quilts', 1),
(132, 23, 'Voile Items', 1),
(133, 24, 'Apron', 1),
(134, 24, 'Dish Cloth', 1),
(135, 24, 'Holders', 1),
(136, 24, 'Kitchen Towels', 1),
(137, 24, 'Mittens', 1),
(138, 24, 'Throws', 1),
(139, 25, 'Bamboo Mats', 1),
(140, 25, 'Duvet Covers', 1),
(141, 25, 'Napkins', 1),
(142, 25, 'Placemats', 1),
(143, 25, 'Runners', 1),
(144, 25, 'Table Cloth', 1),
(145, 25, 'Tea Coaster', 1),
(146, 6, 'Sports Wear', 1),
(147, 11, 'Golf T-Shirts', 1),
(148, 11, 'Jogging Suits', 1),
(149, 11, 'Jogging Suits', 1),
(150, 11, 'Sports Shorts', 1),
(151, 11, 'Sports T-Shirts', 1),
(152, 12, 'Night Gowns', 1),
(153, 12, 'Night Suits', 1),
(154, 12, 'Night Tops', 1),
(155, 12, 'Nightwear Apparels', 1),
(156, 12, 'Pajamas', 1),
(157, 12, 'Sleepwear Suits', 1),
(158, 13, 'Boxer Shorts', 1),
(159, 13, 'Briefs', 1),
(160, 13, 'Capris', 1),
(161, 13, 'Maternity Clothing', 1),
(162, 13, 'Pullovers', 1),
(163, 13, 'Shorts', 1),
(164, 13, 'Skirts', 1),
(165, 13, 'Under Garments', 1),
(166, 14, 'Camisole Tops', 1),
(167, 14, 'Cap Sleeve Tops', 1),
(168, 14, 'Designer Tank Tops', 1),
(169, 14, 'Designer Tops', 1),
(170, 14, 'Embroidered Tank Tops', 1),
(171, 14, 'Embroidered Tops', 1),
(172, 14, 'Fancy Tank Tops', 1),
(173, 14, 'Fancy Tops', 1),
(174, 14, 'Fashion Tank Tops', 1),
(175, 14, 'Fashion Tops', 1),
(176, 14, 'Full Sleeve Tops', 1),
(177, 14, 'Halter Neck', 1),
(178, 14, 'Hooded Cardigan', 1),
(179, 14, 'Knitted T-Shirts', 1),
(180, 14, 'Long Tops', 1),
(181, 14, 'Pajamas', 1),
(182, 14, 'Polo T-Shirts', 1),
(183, 14, 'Printed Tank Tops', 1),
(184, 14, 'Printed Tops', 1),
(185, 14, 'Sleeveles Tops', 1),
(186, 14, 'Spaghetti Tops', 1),
(187, 14, 'Sports Wear', 1),
(188, 26, 'Ladies Hand Bags', 1),
(189, 26, 'Ladies Purses', 1),
(190, 27, 'Half Terry Socks', 1),
(191, 27, 'Kids Socks', 1),
(192, 27, 'Knee High Socks', 1),
(193, 27, 'Ladies Socks', 1),
(194, 27, 'Low Heel Socks', 1),
(195, 27, 'Mens Socks', 1),
(196, 27, 'Pique Welt Socks', 1),
(197, 27, 'Plain Dress Socks', 1),
(198, 27, 'Plain Terry Socks', 1),
(199, 27, 'Ribbed Dress Socks', 1),
(200, 27, 'Ribbes Socks in Terry', 1),
(201, 27, 'Socks with Fish Mouth Welt', 1),
(202, 27, 'Structured Terry Socks', 1);

-- --------------------------------------------------------

--
-- Table structure for table `product`
--

CREATE TABLE IF NOT EXISTS `product` (
  `prod_id` int(11) NOT NULL AUTO_INCREMENT,
  `prod_cat_id` int(11) DEFAULT NULL,
  `prod_subcat_id` int(11) DEFAULT NULL,
  `prod_precat_id` int(11) DEFAULT NULL,
  `prod_title` char(50) DEFAULT NULL,
  `prod_img` varchar(300) DEFAULT NULL,
  `prod_status` int(11) NOT NULL DEFAULT '1',
  PRIMARY KEY (`prod_id`)
) ENGINE=InnoDB  DEFAULT CHARSET=latin1 AUTO_INCREMENT=611 ;

--
-- Dumping data for table `product`
--

INSERT INTO `product` (`prod_id`, `prod_cat_id`, `prod_subcat_id`, `prod_precat_id`, `prod_title`, `prod_img`, `prod_status`) VALUES
(1, 5, 22, 121, NULL, 'BST-1.jpg', 1),
(2, 5, 22, 121, NULL, 'BST-2.jpg', 1),
(3, 5, 22, 121, NULL, 'BST-3.jpg', 1),
(4, 5, 22, 122, NULL, 'BS-1.jpg', 1),
(5, 5, 22, 122, NULL, 'BS-2.jpg', 1),
(6, 5, 22, 122, NULL, 'BS-3.jpg', 1),
(7, 5, 22, 123, NULL, 'C-1.jpg', 1),
(8, 5, 22, 123, NULL, 'C-2.jpg', 1),
(9, 5, 22, 123, NULL, 'C-3.jpg', 1),
(10, 5, 22, 124, NULL, 'CC-1.jpg', 1),
(11, 5, 22, 124, NULL, 'CC-2.jpg', 1),
(12, 5, 22, 124, NULL, 'CC-3.jpg', 1),
(13, 5, 22, 125, NULL, 'H-1.jpg', 1),
(14, 5, 22, 125, NULL, 'H-2.jpg', 1),
(15, 5, 22, 125, NULL, 'H-3.jpg', 1),
(16, 5, 22, 126, NULL, 'PC-1.jpg', 1),
(17, 5, 22, 126, NULL, 'PC-2.jpg', 1),
(18, 5, 22, 126, NULL, 'PC-3.jpg', 1),
(19, 5, 23, 127, NULL, 'BR-1.jpg', 1),
(20, 5, 23, 127, NULL, 'BR-2.jpg', 1),
(21, 5, 23, 127, NULL, 'BR-2.jpg', 1),
(22, 5, 23, 128, NULL, 'CR-1.jpg', 1),
(23, 5, 23, 128, NULL, 'CR-2.jpg', 1),
(24, 5, 23, 128, NULL, 'CR-3.jpg', 1),
(25, 5, 23, 129, NULL, 'J-1.jpg', 1),
(26, 5, 23, 129, NULL, 'J-2.jpg', 1),
(27, 5, 23, 129, NULL, 'J-3.jpg', 1),
(28, 5, 23, 130, NULL, 'P-1.jpg', 1),
(29, 5, 23, 130, NULL, 'P-2.jpg', 1),
(30, 5, 23, 130, NULL, 'P-3.jpg', 1),
(31, 5, 23, 131, NULL, 'Q-1.jpg', 1),
(32, 5, 23, 131, NULL, 'Q-2.jpg', 1),
(33, 5, 23, 131, NULL, 'Q-3.jpg', 1),
(34, 5, 23, 132, NULL, 'V-1.jpg', 1),
(35, 5, 23, 132, NULL, 'V-2.jpg', 1),
(36, 5, 23, 132, NULL, 'V-3.jpg', 1),
(37, 5, 24, 133, NULL, 'A-1.jpg', 1),
(38, 5, 24, 133, NULL, 'A-2.jpg', 1),
(39, 5, 24, 133, NULL, 'A-3.jpg', 1),
(40, 5, 24, 134, NULL, 'KDC-1.jpg', 1),
(41, 5, 24, 134, NULL, 'KDC-2.jpg', 1),
(42, 5, 24, 134, NULL, 'KDC-3.JPG', 1),
(43, 5, 24, 135, NULL, 'KH-1.JPG', 1),
(44, 5, 24, 135, NULL, 'KH-2.jpg', 1),
(45, 5, 24, 135, NULL, 'KH-3.jpg', 1),
(46, 5, 24, 136, NULL, 'KT-1.jpg', 1),
(47, 5, 24, 136, NULL, 'KT-2.jpg', 1),
(48, 5, 24, 136, NULL, 'KT-3.jpg', 1),
(49, 5, 24, 137, NULL, 'M-1.jpg', 1),
(50, 5, 24, 137, NULL, 'M-2.jpg', 1),
(51, 5, 24, 137, NULL, 'M-3.jpg', 1),
(52, 5, 24, 138, NULL, 'KTH-1.jpg', 1),
(53, 5, 24, 138, NULL, 'KTH-2.jpg', 1),
(54, 5, 24, 138, NULL, 'KTH-3.jpg', 1),
(55, 5, 25, 139, NULL, 'TBM-1.jpg', 1),
(56, 5, 25, 139, NULL, 'TBM-2.jpg', 1),
(57, 5, 25, 139, NULL, 'TBM-3.jpg', 1),
(58, 5, 25, 140, NULL, 'DC-1.jpg', 1),
(59, 5, 25, 140, NULL, 'DC-2.jpg', 1),
(60, 5, 25, 140, NULL, 'DC-3.JPG', 1),
(61, 5, 25, 141, NULL, 'TN-1.jpg', 1),
(62, 5, 25, 141, NULL, 'TN-2.jpg', 1),
(63, 5, 25, 141, NULL, 'TN-3.jpg', 1),
(64, 5, 25, 142, NULL, 'TPM-1.JPG', 1),
(65, 5, 25, 142, NULL, 'TPM-2.jpg', 1),
(66, 5, 25, 142, NULL, 'TPM-3.jpg', 1),
(67, 5, 25, 143, NULL, 'TR-1.jpg', 1),
(68, 5, 25, 143, NULL, 'TR-2.jpg', 1),
(69, 5, 25, 143, NULL, 'TR-3.jpg', 1),
(70, 5, 25, 144, NULL, 'TR-1.jpg', 1),
(71, 5, 25, 144, NULL, 'TR-2.jpg', 1),
(72, 5, 25, 144, NULL, 'TR-3.jpg', 1),
(73, 5, 25, 144, NULL, 'TC-1.jpg', 1),
(74, 5, 25, 144, NULL, 'TC-2.JPG', 1),
(75, 5, 25, 144, NULL, 'TC-3.jpg', 1),
(76, 5, 25, 145, NULL, 'TC-1.jpg', 1),
(77, 5, 25, 145, NULL, 'TC-2.jpg', 1),
(78, 5, 25, 145, NULL, 'TC-3.jpg', 1),
(79, 1, 1, 82, NULL, 'BBN-1.jpg', 1),
(80, 1, 1, 82, NULL, 'BBN-2.jpg', 1),
(81, 1, 1, 82, NULL, 'BBN-3.jpg', 1),
(82, 1, 1, 83, NULL, 'BBR-1.jpg', 1),
(83, 1, 1, 83, NULL, 'BBR-2.jpg', 1),
(84, 1, 1, 83, NULL, 'BBR-3.jpg', 1),
(85, 1, 1, 84, NULL, 'BTT-1.jpg', 1),
(86, 1, 1, 84, NULL, 'BTT-2.jpg', 1),
(87, 1, 1, 84, NULL, 'BTT-3.jpeg', 1),
(88, 1, 1, 84, NULL, 'BTT-2.jpg', 1),
(89, 1, 1, 85, NULL, 'BBT-1.jpg', 1),
(90, 1, 1, 85, NULL, 'BBT-2.jpg', 1),
(91, 1, 1, 85, NULL, 'BBT-3.jpg', 1),
(92, 1, 1, 86, NULL, 'BTP-1.jpg', 1),
(93, 1, 1, 86, NULL, 'BTP-2.jpg', 1),
(94, 1, 1, 86, NULL, 'BTP-3.jpg', 1),
(95, 1, 2, 62, NULL, 'FBT-1.jpg', 1),
(96, 1, 2, 62, NULL, 'FBT-2.jpg', 1),
(97, 1, 2, 62, NULL, 'FBT-3.jpg', 1),
(98, 1, 2, 63, NULL, 'BFT-1.jpg', 1),
(99, 1, 2, 63, NULL, 'BFT-2.jpg', 1),
(100, 1, 2, 63, NULL, 'BFT-3.jpg', 1),
(101, 1, 2, 64, NULL, 'FSP-1.jpg', 1),
(102, 1, 2, 64, NULL, 'FSP-2.jpg', 1),
(103, 1, 2, 64, NULL, 'FSP-3.jpg', 1),
(104, 1, 2, 65, NULL, 'HSP-1.jpg', 1),
(105, 1, 2, 65, NULL, 'HSP-2.jpg', 1),
(106, 1, 2, 65, NULL, 'HSP-3.jpg', 1),
(107, 1, 2, 66, NULL, 'BHN-1.jpg', 1),
(108, 1, 2, 66, NULL, 'BHN-2.jpg', 1),
(109, 1, 2, 66, NULL, 'BHN-3.jpg', 1),
(110, 1, 2, 67, NULL, 'HFS-1.jpg', 1),
(111, 1, 2, 67, NULL, 'HFS-2.jpg', 1),
(112, 1, 2, 67, NULL, 'HFS-3.jpg', 1),
(113, 1, 2, 68, NULL, 'HHS-1.jpg', 1),
(114, 1, 2, 68, NULL, 'HHS-2.jpg', 1),
(115, 1, 2, 68, NULL, 'HHS-3.jpg', 1),
(116, 1, 2, 69, NULL, 'HSL-1.jpg', 1),
(117, 1, 2, 69, NULL, 'HSL-2.jpg', 1),
(118, 1, 2, 69, NULL, 'HSL-3.jpg', 1),
(119, 1, 2, 70, NULL, 'BJ-1.jpg', 1),
(120, 1, 2, 70, NULL, 'BJ-2.jpg', 1),
(121, 1, 2, 70, NULL, 'BJ-3.jpg', 1),
(122, 1, 2, 71, NULL, 'BNW-1.jpg', 1),
(123, 1, 2, 71, NULL, 'BNW-2.jpg', 1),
(124, 1, 2, 71, NULL, 'BNW-3.jpg', 1),
(125, 1, 2, 72, NULL, 'BP-1.jpg', 1),
(126, 1, 2, 72, NULL, 'BP-2.jpg', 1),
(127, 1, 2, 72, NULL, 'BP-3.jpg', 1),
(128, 1, 2, 73, NULL, 'BPT-1.jpg', 1),
(129, 1, 2, 73, NULL, 'BPT-2.jpg', 1),
(130, 1, 2, 73, NULL, 'BPT-3.jpg', 1),
(131, 1, 2, 74, NULL, 'BRN-1.jpg', 1),
(132, 1, 2, 74, NULL, 'BRN-2.jpg', 1),
(133, 1, 2, 74, NULL, 'BRN-3.JPG', 1),
(134, 1, 2, 75, NULL, 'BSS-1.jpg', 1),
(135, 1, 2, 75, NULL, 'BSS-2.jpg', 1),
(136, 1, 2, 75, NULL, 'BSS-3.jpg', 1),
(137, 1, 2, 76, NULL, 'BSH-1.jpg', 1),
(138, 1, 2, 76, NULL, 'BSH-2.jpg', 1),
(139, 1, 2, 76, NULL, 'BSH-3.jpg', 1),
(140, 1, 2, 77, NULL, 'BSL-1.jpg', 1),
(141, 1, 2, 77, NULL, 'BSL-2.jpg', 1),
(142, 1, 2, 77, NULL, 'BSL-3.jpg', 1),
(143, 1, 2, 78, NULL, 'BSW-1.jpg', 1),
(144, 1, 2, 78, NULL, 'BSW-2.jpg', 1),
(145, 1, 2, 78, NULL, 'BSW-3.jpg', 1),
(146, 1, 2, 79, NULL, 'BS-1.jpg', 1),
(147, 1, 2, 79, NULL, 'BS-2.jpg', 1),
(148, 1, 2, 79, NULL, 'BS-3.jpg', 1),
(149, 1, 2, 80, NULL, 'BTT-1.jpg', 1),
(150, 1, 2, 80, NULL, 'BTT-2.jpg', 1),
(151, 1, 2, 80, NULL, 'BTT-3.jpg', 1),
(152, 1, 2, 81, NULL, 'BVN-1.jpg', 1),
(153, 1, 2, 81, NULL, 'BVN-2.jpg', 1),
(154, 1, 2, 81, NULL, 'BVN-3.jpg', 1),
(155, 1, 3, 56, NULL, 'MB-1.jpg', 1),
(156, 1, 3, 56, NULL, 'MB-2.jpg', 1),
(157, 1, 3, 56, NULL, 'MB-3.jpg', 1),
(158, 1, 3, 57, NULL, 'MBB-1.jpg', 1),
(159, 1, 3, 57, NULL, 'MBB-2.jpg', 1),
(160, 1, 3, 57, NULL, 'MBB-3.jpg', 1),
(161, 1, 3, 58, NULL, 'MBS-1.jpg', 1),
(162, 1, 3, 58, NULL, 'MBS-2.jpg', 1),
(163, 1, 3, 58, NULL, 'MBS-3.jpg', 1),
(164, 1, 3, 59, NULL, 'MP-1.jpg', 1),
(165, 1, 3, 59, NULL, 'MP-2.jpg', 1),
(166, 1, 3, 59, NULL, 'MP-3.jpg', 1),
(167, 1, 3, 60, NULL, 'MS-1.jpg', 1),
(168, 1, 3, 60, NULL, 'MS-2.jpg', 1),
(169, 1, 3, 60, NULL, 'MS-3.jpg', 1),
(170, 1, 3, 61, NULL, 'MU-1.jpg', 1),
(171, 1, 3, 61, NULL, 'MU-1.jpg', 1),
(172, 1, 3, 61, NULL, 'MU-2.jpg', 1),
(173, 1, 3, 61, NULL, 'MU-3.jpeg', 1),
(174, 1, 4, 51, NULL, 'PTC-1.jpg', 1),
(175, 1, 4, 51, NULL, 'PTC-2.jpg', 1),
(176, 1, 4, 51, NULL, 'PTC-3.jpg', 1),
(177, 1, 4, 52, NULL, 'PTF-1.jpg', 1),
(178, 1, 4, 52, NULL, 'PTF-2.jpg', 1),
(179, 1, 4, 52, NULL, 'PTF-3.jpg', 1),
(180, 1, 4, 53, NULL, 'PTH-1.jpg', 1),
(181, 1, 4, 53, NULL, 'PTH-2.jpg', 1),
(182, 1, 4, 53, NULL, 'PTH-3.jpg', 1),
(183, 1, 4, 54, NULL, 'PTK-1.jpg', 1),
(184, 1, 4, 54, NULL, 'PTK-2.jpg', 1),
(185, 1, 4, 54, NULL, 'PTK-3.jpg', 1),
(186, 1, 4, 55, NULL, 'PTS-1.jpg', 1),
(187, 1, 4, 55, NULL, 'PTS-2.jpg', 1),
(188, 1, 4, 55, NULL, 'PTS-3.jpg', 1),
(189, 1, 5, 47, NULL, 'SNS-1.jpg', 1),
(190, 1, 5, 47, NULL, 'SNS-2.jpg', 1),
(191, 1, 5, 47, NULL, 'SNS-3.jpg', 1),
(192, 1, 5, 48, NULL, 'SNA-1.jpg', 1),
(193, 1, 5, 48, NULL, 'SNA-2.jpg', 1),
(194, 1, 5, 48, NULL, 'SNA-3.jpeg', 1),
(195, 1, 5, 49, NULL, 'SMP-1.jpg', 1),
(196, 1, 5, 49, NULL, 'SMP-2.jpg', 1),
(197, 1, 5, 49, NULL, 'SMP-3.jpg', 1),
(198, 1, 5, 50, NULL, 'SSS-1.jpg', 1),
(199, 1, 5, 50, NULL, 'SSS-2.jpg', 1),
(200, 1, 5, 50, NULL, 'SSS-3.jpg', 1),
(201, 1, 6, 40, NULL, 'MGT-1.jpg', 1),
(202, 1, 6, 40, NULL, 'MGT-2.jpg', 1),
(203, 1, 6, 40, NULL, 'MGT-3.jpg', 1),
(204, 1, 6, 41, NULL, 'MJS-1.jpg', 1),
(205, 1, 6, 41, NULL, 'MJS-2.jpg', 1),
(206, 1, 6, 41, NULL, 'MJS-3.jpg', 1),
(207, 1, 6, 42, NULL, 'MSJ-1.jpg', 1),
(208, 1, 6, 42, NULL, 'MSJ-2.jpg', 1),
(209, 1, 6, 42, NULL, 'MSJ-3.jpg', 1),
(210, 1, 6, 43, NULL, 'MSS-1.jpg', 1),
(211, 1, 6, 43, NULL, 'MSS-2.jpg', 1),
(212, 1, 6, 43, NULL, 'MSS-3.jpg', 1),
(213, 1, 6, 44, NULL, 'MST-1.jpg', 1),
(214, 1, 6, 44, NULL, 'MST-2.jpg', 1),
(215, 1, 6, 44, NULL, 'MST-3.jpg', 1),
(216, 1, 6, 45, NULL, 'MSU-1.jpg', 1),
(217, 1, 6, 45, NULL, 'MSU-2.jpg', 1),
(218, 1, 6, 45, NULL, 'MSU-3.jpg', 1),
(219, 1, 6, 146, NULL, 'MSW-1.jpg', 1),
(220, 1, 6, 146, NULL, 'MSW-2.jpg', 1),
(221, 1, 6, 146, NULL, 'MSW-3.jpg', 1),
(222, 1, 7, 7, NULL, 'TC-1.jpg', 1),
(223, 1, 7, 7, NULL, 'TC-2.jpg', 1),
(224, 1, 7, 7, NULL, 'TC-3.jpg', 1),
(225, 1, 7, 8, NULL, 'TCR-1.jpg', 1),
(226, 1, 7, 8, NULL, 'TCR-2.jpg', 1),
(227, 1, 7, 8, NULL, 'TCR-3.jpg', 1),
(228, 1, 7, 9, NULL, 'TSC-1.jpg', 1),
(229, 1, 7, 9, NULL, 'TSC-2.jpg', 1),
(230, 1, 7, 9, NULL, 'TSC-3.jpg', 1),
(231, 1, 7, 10, NULL, 'TCN-1.jpg', 1),
(232, 1, 7, 10, NULL, 'TCN-2.jpg', 1),
(233, 1, 7, 10, NULL, 'TCN-3.jpg', 1),
(234, 1, 7, 11, NULL, 'TDV-1.jpg', 1),
(235, 1, 7, 11, NULL, 'TDV-2.jpg', 1),
(236, 1, 7, 11, NULL, 'TDV-3.jpg', 1),
(237, 1, 7, 12, NULL, 'TD-1.jpg', 1),
(238, 1, 7, 12, NULL, 'TD-2.jpg', 1),
(239, 1, 7, 12, NULL, 'TD-3.jpg', 1),
(240, 1, 7, 13, NULL, 'TE-1.jpg', 1),
(241, 1, 7, 13, NULL, 'TE-2.jpg', 1),
(242, 1, 7, 13, NULL, 'TE-3.jpg', 1),
(243, 1, 7, 14, NULL, 'TF-1.jpg', 1),
(244, 1, 7, 14, NULL, 'TF-2.jpg', 1),
(245, 1, 7, 14, NULL, 'TF-3.jpg', 1),
(246, 1, 7, 15, NULL, 'TSF-1.jpg', 1),
(247, 1, 7, 15, NULL, 'TSF-2.jpg', 1),
(248, 1, 7, 15, NULL, 'TSF-3.jpeg', 1),
(249, 1, 7, 16, NULL, 'TFS-1.jpg', 1),
(250, 1, 7, 16, NULL, 'TFS-2.jpg', 1),
(251, 1, 7, 16, NULL, 'TFS-3.jpg', 1),
(252, 1, 7, 17, NULL, 'THS-1.jpg', 1),
(253, 1, 7, 17, NULL, 'THS-2.jpg', 1),
(254, 1, 7, 17, NULL, 'THS-3.jpg', 1),
(255, 1, 7, 18, NULL, 'THN-1.jpg', 1),
(256, 1, 7, 18, NULL, 'THN-2.jpg', 1),
(257, 1, 7, 18, NULL, 'TNH-3.jpg', 1),
(258, 1, 7, 19, NULL, 'TMS-1.jpg', 1),
(259, 1, 7, 19, NULL, 'TMS-2.jpg', 1),
(260, 1, 7, 19, NULL, 'TMS-3.jpg', 1),
(261, 1, 7, 20, NULL, 'TP-1.jpg', 1),
(262, 1, 7, 20, NULL, 'TP-2.jpg', 1),
(263, 1, 7, 20, NULL, 'TP-3.jpg', 1),
(264, 1, 7, 21, NULL, 'TSP-1.jpg', 1),
(265, 1, 7, 21, NULL, 'TSP-2.jpg', 1),
(266, 1, 7, 21, NULL, 'TSP-3.jpg', 1),
(267, 1, 7, 22, NULL, 'TRS-1.jpg', 1),
(268, 1, 7, 22, NULL, 'TRS-2.jpg', 1),
(269, 1, 7, 22, NULL, 'TRS-3.jpg', 1),
(270, 1, 7, 23, NULL, 'TRN-1.jpg', 1),
(271, 1, 7, 23, NULL, 'TRN-2.jpg', 1),
(272, 1, 7, 23, NULL, 'TRN-3.jpg', 1),
(273, 1, 7, 24, NULL, 'TSN-1.jpg', 1),
(274, 1, 7, 24, NULL, 'TSN-2.jpg', 1),
(275, 1, 7, 24, NULL, 'TSN-3.jpg', 1),
(276, 1, 7, 25, NULL, 'TSS-1.jpg', 1),
(277, 1, 7, 25, NULL, 'TSS-2.jpg', 1),
(278, 1, 7, 25, NULL, 'TSS-3.jpg', 1),
(279, 1, 7, 26, NULL, 'TSL-1.jpg', 1),
(280, 1, 7, 26, NULL, 'TSL-2.jpg', 1),
(281, 1, 7, 26, NULL, 'TSL-3.jpg', 1),
(282, 1, 7, 27, NULL, 'TSQ-1.jpg', 1),
(283, 1, 7, 27, NULL, 'TSQ-2.jpg', 1),
(284, 1, 7, 27, NULL, 'TSQ-3.jpg', 1),
(285, 1, 7, 28, NULL, 'TS-1.jpg', 1),
(286, 1, 7, 28, NULL, 'TS-2.jpg', 1),
(287, 1, 7, 28, NULL, 'TS-3.jpg', 1),
(288, 1, 7, 29, NULL, 'TTT-1.jpg', 1),
(289, 1, 7, 29, NULL, 'TTT-2.jpg', 1),
(290, 1, 7, 29, NULL, 'TTT-3.jpg', 1),
(291, 1, 7, 30, NULL, 'TVN-1.jpg', 1),
(292, 1, 7, 30, NULL, 'TVN-2.jpg', 1),
(293, 1, 7, 30, NULL, 'TVN-3.jpg', 1),
(294, 1, 7, 31, NULL, 'TY-1.jpg', 1),
(295, 1, 7, 31, NULL, 'TY-2.jpg', 1),
(296, 1, 7, 31, NULL, 'TY-3.jpg', 1),
(297, 1, 8, 1, NULL, 'MCJ-1.jpg', 1),
(298, 1, 8, 1, NULL, 'MCJ-2.jpg', 1),
(299, 1, 8, 1, NULL, 'MCJ-3.jpeg', 1),
(300, 1, 8, 2, NULL, 'MCS-1.jpg', 1),
(301, 1, 8, 2, NULL, 'MCS-2.jpg', 1),
(302, 1, 8, 2, NULL, 'MCS-3.jpg', 1),
(303, 1, 8, 3, NULL, 'MHS-1.jpg', 1),
(304, 1, 8, 3, NULL, 'MHS-2.jpg', 1),
(305, 1, 8, 3, NULL, 'MHS-3.jpg', 1),
(306, 1, 8, 4, NULL, 'MWS-1.jpg', 1),
(307, 1, 8, 4, NULL, 'MWS-2.jpg', 1),
(308, 1, 8, 4, NULL, 'MWS-3.JPG', 1),
(309, 1, 8, 5, NULL, 'MWJ-1.jpg', 1),
(310, 1, 8, 5, NULL, 'MWJ-2.jpg', 1),
(311, 1, 8, 5, NULL, 'MWJ-3.jpg', 1),
(312, 1, 8, 6, NULL, 'MWW-1.jpg', 1),
(313, 1, 8, 6, NULL, 'MWW-2.jpg', 1),
(314, 1, 8, 6, NULL, 'MWW-3.jpeg', 1),
(315, 2, 9, 87, NULL, 'LCJ-1.jpg', 1),
(316, 2, 9, 87, NULL, 'LCJ-2.jpg', 1),
(317, 2, 9, 87, NULL, 'LCJ-3.jpg', 1),
(318, 2, 9, 88, NULL, 'LHS-1.jpg', 1),
(319, 2, 9, 88, NULL, 'LHS-2.jpg', 1),
(320, 2, 9, 88, NULL, 'LHS-3.jpg', 1),
(321, 2, 9, 89, NULL, 'SHS-1.jpg', 1),
(322, 2, 9, 89, NULL, 'SHS-2.jpg', 1),
(323, 2, 9, 89, NULL, 'SHS-3.jpg', 1),
(324, 2, 9, 90, NULL, 'LWS-1.jpg', 1),
(325, 2, 9, 90, NULL, 'LWS-2.jpg', 1),
(326, 2, 9, 90, NULL, 'LWS-3.jpg', 1),
(327, 2, 9, 91, NULL, 'LWJ-1.jpg', 1),
(328, 2, 9, 91, NULL, 'LWJ-2.jpg', 1),
(329, 2, 9, 91, NULL, 'LWJ-3.jpg', 1),
(330, 2, 9, 92, NULL, 'LWW-1.jpg', 1),
(331, 2, 9, 92, NULL, 'LWW-2.jpg', 1),
(332, 2, 9, 92, NULL, 'LWW-3.jpg', 1),
(333, 2, 10, 93, NULL, 'LTF-1.jpg', 1),
(334, 2, 10, 93, NULL, 'LTF-2.jpg', 1),
(335, 2, 10, 93, NULL, 'LTF-3.jpg', 1),
(336, 2, 10, 94, NULL, 'LWC-1.jpg', 1),
(337, 2, 10, 94, NULL, 'LWC-2.jpg', 1),
(338, 2, 10, 94, NULL, 'LWC-3.jpg', 1),
(339, 2, 10, 95, NULL, 'LCS-1.jpg', 1),
(340, 2, 10, 95, NULL, 'LCS-2.jpg', 1),
(341, 2, 10, 95, NULL, 'LCS-3.jpg', 1),
(342, 2, 10, 96, NULL, 'LCT-1.jpg', 1),
(343, 2, 10, 96, NULL, 'LCT-2.jpg', 1),
(344, 2, 10, 96, NULL, 'LCT-3.jpg', 1),
(345, 2, 10, 97, NULL, 'LCN-1.jpg', 1),
(346, 2, 10, 97, NULL, 'LCN-2.jpg', 1),
(347, 2, 10, 97, NULL, 'LCN-3.jpg', 1),
(348, 2, 10, 98, NULL, 'LDV-1.jpg', 1),
(349, 2, 10, 98, NULL, 'LDV-2.jpg', 1),
(350, 2, 10, 98, NULL, 'LDV-3.gif', 1),
(351, 2, 10, 99, NULL, 'LDT-1.jpg', 1),
(352, 2, 10, 99, NULL, 'LDT-2.jpg', 1),
(353, 2, 10, 99, NULL, 'LDT-3.jpg', 1),
(354, 2, 10, 100, NULL, 'LET-1.jpg', 1),
(355, 2, 10, 100, NULL, 'LET-2.jpg', 1),
(356, 2, 10, 100, NULL, 'LET-3.jpg', 1),
(357, 2, 10, 101, NULL, 'TFT-1.jpg', 1),
(358, 2, 10, 101, NULL, 'TFT-2.jpg', 1),
(359, 2, 10, 101, NULL, 'TFT-3.jpg', 1),
(360, 2, 10, 102, NULL, 'LFS-1.jpg', 1),
(361, 2, 10, 102, NULL, 'LFS-2.jpg', 1),
(362, 2, 10, 102, NULL, 'LFS-3.jpg', 1),
(363, 2, 10, 103, NULL, 'FST-1.jpg', 1),
(364, 2, 10, 103, NULL, 'FST-2.jpg', 1),
(365, 2, 10, 103, NULL, 'FST-3.jpg', 1),
(366, 2, 10, 104, NULL, 'LWG-1.jpg', 1),
(367, 2, 10, 104, NULL, 'LWG-2.jpg', 1),
(368, 2, 10, 104, NULL, 'LWG-3.jpg', 1),
(369, 2, 10, 105, NULL, 'LHS-1.jpg', 1),
(370, 2, 10, 105, NULL, 'LHS-2.jpg', 1),
(371, 2, 10, 105, NULL, 'LHS-3.jpg', 1),
(372, 2, 10, 106, NULL, 'LHT-1.jpg', 1),
(373, 2, 10, 106, NULL, 'LHT-2.jpg', 1),
(374, 2, 10, 106, NULL, 'LHT-3.jpg', 1),
(375, 2, 10, 107, NULL, 'LKS-1.jpg', 1),
(376, 2, 10, 107, NULL, 'LKS-2.jpg', 1),
(377, 2, 10, 107, NULL, 'LKS-3.jpg', 1),
(378, 2, 10, 108, NULL, 'LPF-1.jpg', 1),
(379, 2, 10, 108, NULL, 'LPF-2.jpg', 1),
(380, 2, 10, 108, NULL, 'LPF-3.jpg', 1),
(381, 2, 10, 109, NULL, 'LPH-1.jpg', 1),
(382, 2, 10, 109, NULL, 'LPH-2.jpg', 1),
(383, 2, 10, 109, NULL, 'LPH-3.jpg', 1),
(384, 2, 10, 110, NULL, 'LPT-1.jpg', 1),
(385, 2, 10, 110, NULL, 'LPT-2.jpg', 1),
(386, 2, 10, 110, NULL, 'LPT-3.jpg', 1),
(387, 2, 10, 111, NULL, 'LRS-1.jpg', 1),
(388, 2, 10, 111, NULL, 'LRS-2.jpg', 1),
(389, 2, 10, 111, NULL, 'LRS-3.jpg', 1),
(390, 2, 10, 112, NULL, 'RNT-1.jpg', 1),
(391, 2, 10, 112, NULL, 'RNT-2.jpg', 1),
(392, 2, 10, 112, NULL, 'RNT-3.jpg', 1),
(393, 2, 10, 113, NULL, 'LSN-1.jpg', 1),
(394, 2, 10, 113, NULL, 'LSN-2.jpg', 1),
(395, 2, 10, 113, NULL, 'LSN-3.jpg', 1),
(396, 2, 10, 114, NULL, 'LST-1.jpeg', 1),
(397, 2, 10, 114, NULL, 'LST-2.jpg', 1),
(398, 2, 10, 114, NULL, 'LST-3.jpg', 1),
(399, 2, 10, 115, NULL, 'STL-1.jpg', 1),
(400, 2, 10, 115, NULL, 'STL-2.jpg', 1),
(401, 2, 10, 115, NULL, 'STL-3.jpg', 1),
(402, 2, 10, 116, NULL, 'LSL-1.jpg', 1),
(403, 2, 10, 116, NULL, 'LSL-2.jpg', 1),
(404, 2, 10, 116, NULL, 'LSL-3.jpg', 1),
(405, 2, 10, 117, NULL, 'LSQ-1.jpg', 1),
(406, 2, 10, 117, NULL, 'LSQ-2.jpg', 1),
(407, 2, 10, 117, NULL, 'LSQ-3.jpg', 1),
(408, 2, 10, 118, NULL, 'STT-1.jpg', 1),
(409, 2, 10, 118, NULL, 'STT-1.jpg', 1),
(410, 2, 10, 118, NULL, 'STT-2.jpg', 1),
(411, 2, 10, 118, NULL, 'STT-3.jpg', 1),
(412, 2, 10, 119, NULL, 'LTT-1.jpg', 1),
(413, 2, 10, 119, NULL, 'LTT-2.jpg', 1),
(414, 2, 10, 119, NULL, 'LTT-3.jpg', 1),
(415, 2, 10, 120, NULL, 'LVN-1.jpg', 1),
(416, 2, 10, 120, NULL, 'LVN-2.jpg', 1),
(417, 2, 10, 120, NULL, 'LVN-3.jpg', 1),
(418, 2, 11, 46, NULL, 'LSW-1.jpg', 1),
(419, 2, 11, 46, NULL, 'LSW-2.jpg', 1),
(420, 2, 11, 46, NULL, 'LSW-3.jpg', 1),
(421, 2, 11, 147, NULL, 'LGS-1.jpg', 1),
(422, 2, 11, 147, NULL, 'LGS-2.jpg', 1),
(423, 2, 11, 147, NULL, 'LGS-3.jpg', 1),
(424, 2, 11, 148, NULL, 'LJS-1.jpg', 1),
(425, 2, 11, 148, NULL, 'LJS-2.jpg', 1),
(426, 2, 11, 148, NULL, 'LJS-3.jpg', 1),
(427, 2, 11, 149, NULL, 'LSJ-1.jpg', 1),
(428, 2, 11, 149, NULL, 'LSJ-2.jpg', 1),
(429, 2, 11, 149, NULL, 'LSJ-3.jpg', 1),
(430, 2, 11, 150, NULL, 'SSL-1.jpg', 1),
(431, 2, 11, 150, NULL, 'SSL-2.jpg', 1),
(432, 2, 11, 150, NULL, 'SSL-3.png', 1),
(433, 2, 11, 151, NULL, 'STS-1.jpg', 1),
(434, 2, 11, 151, NULL, 'STS-2.jpg', 1),
(435, 2, 11, 151, NULL, 'STS-3.jpg', 1),
(436, 2, 12, 152, NULL, 'LNG-1.jpg', 1),
(437, 2, 12, 152, NULL, 'LNG-2.jpg', 1),
(438, 2, 12, 152, NULL, 'LNG-3.jpg', 1),
(439, 2, 12, 153, NULL, 'LNS-1.jpg', 1),
(440, 2, 12, 153, NULL, 'LNS-2.jpg', 1),
(441, 2, 12, 153, NULL, 'LNS-3.jpg', 1),
(442, 2, 12, 154, NULL, 'LNT-1.jpg', 1),
(443, 2, 12, 154, NULL, 'LNT-2.jpg', 1),
(444, 2, 12, 154, NULL, 'LNT-3.jpg', 1),
(445, 2, 12, 155, NULL, 'LNA-1.jpg', 1),
(446, 2, 12, 156, NULL, 'LSP-1.jpg', 1),
(447, 2, 12, 156, NULL, 'LSP-2.jpg', 1),
(448, 2, 12, 156, NULL, 'LSP-3.jpg', 1),
(449, 2, 12, 157, NULL, 'LSS-1.jpg', 1),
(450, 2, 12, 157, NULL, 'LSS-2.jpg', 1),
(451, 2, 12, 157, NULL, 'LSS-3.jpg', 1),
(452, 2, 13, 158, NULL, 'LBS-1.jpg', 1),
(453, 2, 13, 158, NULL, 'LBS-2.jpg', 1),
(454, 2, 13, 158, NULL, 'LBS-3.jpg', 1),
(455, 2, 13, 158, NULL, 'LBS-3.jpg', 1),
(456, 2, 13, 159, NULL, 'LCB-1.jpg', 1),
(457, 2, 13, 159, NULL, 'LCB-2.jpg', 1),
(458, 2, 13, 159, NULL, 'LCB-3.jpg', 1),
(459, 2, 13, 160, NULL, 'LCC-1.jpg', 1),
(460, 2, 13, 160, NULL, 'LCC-2.jpg', 1),
(461, 2, 13, 160, NULL, 'LCC-3.jpg', 1),
(462, 2, 13, 161, NULL, 'LMC-1.jpg', 1),
(463, 2, 13, 161, NULL, 'LMC-2.jpg', 1),
(464, 2, 13, 161, NULL, 'LMC-3.jpg', 1),
(465, 2, 13, 162, NULL, 'LCP-1.jpg', 1),
(466, 2, 13, 162, NULL, 'LCP-2.jpg', 1),
(467, 2, 13, 162, NULL, 'LCP-3.jpg', 1),
(468, 2, 13, 163, NULL, 'LS-1.jpg', 1),
(469, 2, 13, 163, NULL, 'LS-2.jpg', 1),
(470, 2, 13, 163, NULL, 'LS-3.jpg', 1),
(471, 2, 13, 164, NULL, 'LCS-1.jpg', 1),
(472, 2, 13, 164, NULL, 'LCS-2.jpg', 1),
(473, 2, 13, 164, NULL, 'LCS-3.jpg', 1),
(474, 2, 13, 165, NULL, 'LUG-1.jpg', 1),
(475, 2, 13, 165, NULL, 'LUG-2.jpg', 1),
(476, 2, 13, 165, NULL, 'LUG-3.jpg', 1),
(477, 2, 15, 32, NULL, 'BCT-1.jpg', 1),
(478, 2, 15, 32, NULL, 'BCT-2.jpg', 1),
(479, 2, 15, 32, NULL, 'BCT-3.jpg', 1),
(480, 2, 15, 33, NULL, 'BGF-1.jpg', 1),
(481, 2, 15, 33, NULL, 'BGF-2.jpg', 1),
(482, 2, 15, 33, NULL, 'BGF-3.jpg', 1),
(483, 2, 15, 34, NULL, 'BGG-1.jpg', 1),
(484, 2, 15, 34, NULL, 'BGG-2.jpg', 1),
(485, 2, 15, 34, NULL, 'BGG-3.jpg', 1),
(486, 2, 15, 35, NULL, 'BHN-1.jpg', 1),
(487, 2, 15, 35, NULL, 'BHN-2.jpg', 1),
(488, 2, 15, 35, NULL, 'BHN-3.jpg', 1),
(489, 2, 15, 36, NULL, 'BGS-1.jpg', 1),
(490, 2, 15, 36, NULL, 'BGS-2.jpg', 1),
(491, 2, 15, 36, NULL, 'BGS-3.jpg', 1),
(492, 2, 15, 37, NULL, 'BSW-1.jpg', 1),
(493, 2, 15, 37, NULL, 'BSW-2.jpg', 1),
(494, 2, 15, 37, NULL, 'BSW-3.jpg', 1),
(495, 2, 15, 38, NULL, 'BGT-1.jpg', 1),
(496, 2, 15, 38, NULL, 'BGT-2.jpg', 1),
(497, 2, 15, 38, NULL, 'BGT-3.jpg', 1),
(498, 2, 15, 39, NULL, 'GTP-1.jpg', 1),
(499, 2, 15, 39, NULL, 'GTP-2.jpg', 1),
(500, 2, 15, 39, NULL, 'GTP-3.jpg', 1),
(501, 2, 14, 166, NULL, 'GCT-1.jpg', 1),
(502, 2, 14, 166, NULL, 'GCT-2.jpg', 1),
(503, 2, 14, 166, NULL, 'GCT-3.jpg', 1),
(504, 2, 14, 167, NULL, 'GCS-1.jpg', 1),
(505, 2, 14, 167, NULL, 'GCS-2.png', 1),
(506, 2, 14, 167, NULL, 'GCS-3.jpg', 1),
(507, 2, 14, 168, NULL, 'DTT-1.jpg', 1),
(508, 2, 14, 168, NULL, 'DTT-2.jpg', 1),
(509, 2, 14, 168, NULL, 'DTT-3.jpg', 1),
(510, 2, 14, 169, NULL, 'GDT-1.jpg', 1),
(511, 2, 14, 169, NULL, 'GDT-2.jpg', 1),
(512, 2, 14, 169, NULL, 'GDT-3.jpg', 1),
(513, 2, 14, 170, NULL, 'ETT-1.jpg', 1),
(514, 2, 14, 170, NULL, 'ETT-2.jpg', 1),
(515, 2, 14, 170, NULL, 'ETT-3.jpg', 1),
(516, 2, 14, 171, NULL, 'GET-1.jpg', 1),
(517, 2, 14, 171, NULL, 'GET-2.jpg', 1),
(518, 2, 14, 171, NULL, 'GET-3.jpg', 1),
(519, 2, 14, 172, NULL, 'FTT-1.jpg', 1),
(520, 2, 14, 172, NULL, 'FTT-2.jpg', 1),
(521, 2, 14, 172, NULL, 'FTT-3.jpg', 1),
(522, 2, 14, 173, NULL, 'GFT-1.jpg', 1),
(523, 2, 14, 173, NULL, 'GFT-2.jpg', 1),
(524, 2, 14, 173, NULL, 'GFT-3.jpg', 1),
(525, 2, 14, 174, NULL, 'TTF-1.jpg', 1),
(526, 2, 14, 174, NULL, 'TTF-2.jpg', 1),
(527, 2, 14, 174, NULL, 'TTF-3.jpg', 1),
(528, 2, 14, 175, NULL, 'FST-1.jpg', 1),
(529, 2, 14, 175, NULL, 'FST-2.jpg', 1),
(530, 2, 14, 175, NULL, 'FST-3.jpg', 1),
(531, 2, 14, 176, NULL, 'GFS-1.jpg', 1),
(532, 2, 14, 176, NULL, 'GFS-2.jpg', 1),
(533, 2, 14, 176, NULL, 'GFS-3.jpg', 1),
(534, 2, 14, 177, NULL, 'GBT-1.jpg', 1),
(535, 2, 14, 177, NULL, 'GBT-2.jpg', 1),
(536, 2, 14, 177, NULL, 'GBT-3.jpg', 1),
(537, 2, 14, 178, NULL, 'GHC-1.jpg', 1),
(538, 2, 14, 178, NULL, 'GHC-2.jpg', 1),
(539, 2, 14, 178, NULL, 'GHC-3.jpg', 1),
(540, 2, 14, 179, NULL, 'GKT-1.jpg', 1),
(541, 2, 14, 179, NULL, 'GKT-2.jpg', 1),
(542, 2, 14, 179, NULL, 'GKT-3.jpg', 1),
(543, 2, 14, 180, NULL, 'GLT-1.jpg', 1),
(544, 2, 14, 180, NULL, 'GLT-2.jpg', 1),
(545, 2, 14, 180, NULL, 'GLT-3.jpg', 1),
(546, 2, 14, 181, NULL, 'GP-1.jpg', 1),
(547, 2, 14, 181, NULL, 'GP-2.jpg', 1),
(548, 2, 14, 181, NULL, 'GP-3.jpg', 1),
(549, 2, 14, 182, NULL, 'GPS-1.jpg', 1),
(550, 2, 14, 182, NULL, 'GPS-2.jpg', 1),
(551, 2, 14, 182, NULL, 'GPS-3.jpg', 1),
(552, 2, 14, 183, NULL, 'PTT-2.jpg', 1),
(553, 2, 14, 183, NULL, 'PTT-3.jpg', 1),
(554, 2, 14, 184, NULL, 'GPT-1.jpg', 1),
(555, 2, 14, 184, NULL, 'GPT-2.jpg', 1),
(556, 2, 14, 184, NULL, 'GPT-3.jpg', 1),
(557, 2, 14, 185, NULL, 'SLT-1.jpg', 1),
(558, 2, 14, 185, NULL, 'SLT-2.jpg', 1),
(559, 2, 14, 185, NULL, 'SLT-3.jpg', 1),
(560, 2, 14, 186, NULL, 'GST-1.jpg', 1),
(561, 2, 14, 186, NULL, 'GST-2.jpg', 1),
(562, 2, 14, 186, NULL, 'GST-3.jpg', 1),
(563, 2, 14, 187, NULL, 'GSW-1.jpg', 1),
(564, 2, 14, 187, NULL, 'GSW-2.jpg', 1),
(565, 2, 14, 187, NULL, 'GSW-3.jpg', 1),
(566, 6, 26, 188, NULL, 'B-1.jpg', 1),
(567, 6, 26, 188, NULL, 'B-2.jpg', 1),
(568, 6, 26, 188, NULL, 'B-3.jpg', 1),
(569, 6, 26, 189, NULL, 'LLP-1.jpg', 1),
(570, 6, 26, 189, NULL, 'LLP-2.jpg', 1),
(571, 6, 26, 189, NULL, 'LLP-3.jpg', 1),
(572, 6, 27, 190, NULL, 'HTS-1.jpg', 1),
(573, 6, 27, 190, NULL, 'HTS-2.jpg', 1),
(574, 6, 27, 190, NULL, 'HTS-3.jpg', 1),
(575, 6, 27, 191, NULL, 'KS-1.jpg', 1),
(576, 6, 27, 191, NULL, 'KS-2.jpg', 1),
(577, 6, 27, 191, NULL, 'KS-3.jpg', 1),
(578, 6, 27, 192, NULL, 'KHS-1.jpg', 1),
(579, 6, 27, 192, NULL, 'KHS-2.jpg', 1),
(580, 6, 27, 192, NULL, 'KHS-3.jpg', 1),
(581, 6, 27, 193, NULL, 'LS-1.jpg', 1),
(582, 6, 27, 193, NULL, 'LS-2.jpg', 1),
(583, 6, 27, 193, NULL, 'LS-3.jpg', 1),
(584, 6, 27, 194, NULL, 'LHS-1.jpg', 1),
(585, 6, 27, 194, NULL, 'LHS-2.jpg', 1),
(586, 6, 27, 194, NULL, 'LHS-3.jpg', 1),
(587, 6, 27, 195, NULL, 'MS-1.jpg', 1),
(588, 6, 27, 195, NULL, 'MS-2.jpg', 1),
(589, 6, 27, 195, NULL, 'MS-3.jpg', 1),
(590, 6, 27, 196, NULL, 'PWS-1.jpg', 1),
(591, 6, 27, 196, NULL, 'PWS-2.jpg', 1),
(592, 6, 27, 196, NULL, 'PWS-3.jpg', 1),
(593, 6, 27, 197, NULL, 'PDS-1.jpg', 1),
(594, 6, 27, 197, NULL, 'PDS-2.jpg', 1),
(595, 6, 27, 197, NULL, 'PDS-3.jpg', 1),
(596, 6, 27, 198, NULL, 'PTS-1.jpg', 1),
(597, 6, 27, 198, NULL, 'PTS-2.jpg', 1),
(598, 6, 27, 198, NULL, 'PTS-3.jpg', 1),
(599, 6, 27, 199, NULL, 'RDS-1.jpg', 1),
(600, 6, 27, 199, NULL, 'RDS-2.jpg', 1),
(601, 6, 27, 199, NULL, 'RDS-3.jpg', 1),
(602, 6, 27, 200, NULL, 'RST-1.jpg', 1),
(603, 6, 27, 200, NULL, 'RST-2.jpg', 1),
(604, 6, 27, 200, NULL, 'RST-3.jpg', 1),
(605, 6, 27, 201, NULL, 'FMWS-1.jpg', 1),
(606, 6, 27, 201, NULL, 'FMWS-2.jpg', 1),
(607, 6, 27, 201, NULL, 'FMWS-3.jpg', 1),
(608, 6, 27, 202, NULL, 'STS-1.jpg', 1),
(609, 6, 27, 202, NULL, 'STS-2.jpg', 1),
(610, 6, 27, 202, NULL, 'STS-3.JPG', 1);

-- --------------------------------------------------------

--
-- Table structure for table `subcat`
--

CREATE TABLE IF NOT EXISTS `subcat` (
  `subcat_id` int(11) NOT NULL AUTO_INCREMENT,
  `subcat_cat_id` int(5) NOT NULL,
  `subcat_name` char(50) DEFAULT NULL,
  `subcat_status` int(11) NOT NULL DEFAULT '1',
  PRIMARY KEY (`subcat_id`)
) ENGINE=InnoDB  DEFAULT CHARSET=latin1 AUTO_INCREMENT=28 ;

--
-- Dumping data for table `subcat`
--

INSERT INTO `subcat` (`subcat_id`, `subcat_cat_id`, `subcat_name`, `subcat_status`) VALUES
(1, 1, 'Baby Boys Apparels', 1),
(2, 1, 'Boys Apparels', 1),
(3, 1, 'Mens Clothing', 1),
(4, 1, 'Mens Polo T-Shirts', 1),
(5, 1, 'Mens Sleepwear', 1),
(6, 1, 'Mens Sports Wear', 1),
(7, 1, 'Mens T-Shirts', 1),
(8, 1, 'Mens Winter Wear', 1),
(9, 2, 'Ladies Winter Wear', 1),
(10, 2, 'Ladies Wear', 1),
(11, 2, 'Ladies Sports Wear', 1),
(12, 2, 'Ladies Sleepwear', 1),
(13, 2, 'Ladies Clothing', 1),
(14, 2, 'Girls Apparels', 1),
(15, 2, 'Baby Girl Apparels', 1),
(17, 3, 'Bikers Jackets', 1),
(18, 3, 'Jackets', 1),
(19, 3, 'Pants', 1),
(22, 5, 'Bed Linen', 1),
(23, 5, 'Fabrics', 1),
(24, 5, 'Kitchen Linen', 1),
(25, 5, 'Table Linen', 1),
(26, 6, 'Leather Bags', 1),
(27, 6, 'Socks', 1);
